year,0,1,2,3,4,5,6,7,8,9,10,11,12,13,14,15,16,17,18,19,20,21,22,23,24,25,26,27,28,29,30,31,32,33,34,35,36,37,38,39,40,41,42,43,44,45,46,47,48,49,50,51,52,53,54,55,56,57,58,59,60,61,62,63,64,65,66,67,68,69,70,71,72,73,74,75,76,77,78,79,80,81,82,83,84,85,86,87,88,89,90,91,92,93,94,95,96,97,98,99,100,101,102,103,104,105,106,107,108,109,110,111,112,113,114,115,116,117,118,119,120,121,122,123,124,125,126,127,128,129,130,131,132,133,134,135,136,137,138,139,140,141,142,143,144,145,146,147,148,149,150,151,152,153,154,155,156,157,158,159,160,161,162,163,164,165,166,167,168,169,170,171,172,173,174,175,176,177,178,179,180,181,182,183,184,185,186,187,188,189,190,191,192,193,194,195,196,197,198,199,200,201,202,203,204
1997,0.055225426,0.000396412,-0.000463001,-0.011178469,0.011748359,0.011748359,0.005819471,-0.034919758,-0.236919149,0.114929235,-0.008510347,-0.008510347,0.307458205,0.153452388,0.153452388,-0.020993716,-0.043533166,0.048419998,-0.075523139,0.035281418,0.074738438,0.069527354,0.069527354,-0.048004279,-0.000221377,0.003264048,0.003264048,0.014528244,0.014528244,0.14269765,0.14269765,-0.024423119,-0.013720397,-0.051906879,-0.051906879,0.104306635,0.104306635,-5.65E-05,-0.057370534,-0.057980482,-0.057980482,0.070400896,0.070400896,0.090069906,0.090069906,0.07610248,0.07610248,0.058835785,0.058835785,-0.142461846,0.016966021,0.053201587,0.053201587,-0.044354879,0.14332904,-0.035641896,-0.035641896,0.133408702,0.133408702,0.068980501,0.068980501,0.04510261,0.04510261,-0.095735496,-0.095735496,0.080371602,0.080371602,-0.028270613,0.029638015,0.029638015,-0.027787072,0.087861054,0.087861054,-0.012256528,-0.012256528,-0.055434253,-0.055434253,0.043045005,0.043045005,0.024750653,0.024750653,-0.066195006,-0.110090679,-0.110090679,0.023326555,0.023326555,0.057351263,0.057351263,-0.118106434,-0.118106434,0.0171591,0.0171591,-0.010502194,-0.010502194,-0.035038746,-0.035038746,-0.002473856,-0.031238319,-0.031238319,0.029724509,0.029724509,-0.018020737,-0.018020737,-0.10652786,-0.10652786,0.147535575,-0.026072568,-0.026072568,-0.0854424,-0.0854424,-0.138226069,-0.138226069,0.03285762,0.03285762,0.034135235,0.056112426,0.056112426,0.01015163,-0.066504287,-0.066504287,-0.109829991,-0.109829991,0.083530984,0.105573997,0.105573997,0.055746125,0.055746125,-0.116342006,-0.116342006,0.07104985,0.07104985,-0.007590221,-0.007590221,0.113380707,-0.06040949,0.070388079,0.070388079,0.004164777,0.004164777,0.037313136,0.094570472,0.094570472,0.030638617,0.030638617,0.048382937,0.048382937,-0.006225564,-0.006225564,-0.009074991,0.068475681,0.068475681,-0.036278262,-0.036278262,0.01176425,0.01176425,-0.101429062,-0.094898531,-0.08349134,-0.08349134,0.020223188,0.061152141,0.061152141,0.018240958,0.018240958,0.017607723,0.017607723,0.004073319,0.004073319,-0.039542046,-0.039542046,0.047926532,-0.005774315,0.019413675,-0.013359744,0.013693262,-0.03977822,-0.03977822,-0.002686556,-0.000190437,0.00069394,-0.000871752,0.00068997,0.000154593,0,0,0,0,0.001326121,0,0,0.000129043,0,0,0,0,0,0,0,0,0.005533196,0.000407232,0,0,0,0
1998,-0.052261683,-0.000338534,0.000374825,-0.009255152,0.00209092,0.00209092,-0.155470621,0.073368749,0.015268693,0.015268693,-0.051017872,-0.051017872,0.100140241,0.100140241,-0.028272178,-0.028272178,-0.004580784,-6.78E-05,-6.78E-05,0.023319512,-0.148710215,-0.148710215,0.072187662,0.017066543,0.116236104,0.116236104,0.034200714,0.060098024,0.11264614,-0.038721032,-0.038721032,-0.085061703,-0.085061703,-0.074881758,-0.074881758,0.132027417,0.132027417,-0.019219601,-0.12628531,-0.028081829,-0.028081829,-0.057229077,-0.057229077,0.0493175,0.0493175,0.0919578,0.0919578,-0.045546258,-0.131805991,-0.131805991,0.115213128,0.115213128,0.055043766,0.013261834,0.013261834,-0.096217148,-0.096217148,-0.013180665,-0.013180665,0.149551888,-0.090247371,-0.090247371,-0.037100911,-0.142213904,-0.142213904,0.040170649,0.040170649,0.124163404,0.124163404,0.038444794,-0.01222533,-0.01222533,-0.059106161,0.102245614,0.102245614,0.021836567,0.021836567,0.06253423,0.06253423,0.123860577,0.097863965,0.097863965,-0.099245101,-0.099245101,0.09785539,0.09785539,-0.117096296,-0.047003702,-0.047003702,-0.002207612,0.021980267,0.021980267,0.006340869,0.006340869,-0.079107431,-0.079107431,-0.145100405,-0.145100405,-0.073156462,-0.073156462,-0.061314799,-0.061314799,0.00795718,0.00795718,-0.091168727,-0.091168727,-0.054781485,-0.054781485,-0.14936757,-0.14936757,0.166417745,0.166417745,0.133046445,0.133046445,0.055611527,0.055611527,0.043300331,0.043300331,-0.003140564,-0.003140564,-0.0099325,-0.0099325,0.004828258,0.004828258,0.016053957,0.016053957,0.0899653,-0.038361813,-0.038361813,-0.054935337,0.091266231,0.091266231,0.0819524,0.0819524,0.042265681,0.042265681,0.052135197,-0.023047386,-0.023047386,0.05521219,0.022439957,0.022439957,-0.080174133,-0.080174133,-0.069364738,-0.069364738,-0.037863799,-0.037863799,0.000970036,-0.042637573,-0.042637573,-0.027321792,-0.027321792,-0.061626092,-0.061626092,0.064345687,0.064345687,0.081991717,0.081991717,0.081610024,-0.069563516,-0.069563516,-0.014188129,0.029430804,0.029430804,0.027454452,0.027454452,-0.002475253,0.015250445,0.015250445,0.074716314,0.074716314,0.065229196,0.064405185,-0.048861784,0.012248192,0.012248192,-0.002586331,-0.000283713,0.000531897,-0.000795195,0.000829321,8.02E-05,0,0,0,0,0.001605423,0,0,0.00023659,0,0,0,0,0,0,0,0,0.004189933,0.000564544,0,0,0,0
1999,-0.048739052,-0.000363163,-0.000227933,-0.009716034,0.159088162,0.107480388,-0.339320925,0.024568652,-0.010452547,-0.010452547,0.014506099,0.014506099,0.008979733,-0.014939105,0.019889852,0.021400662,0.104138105,0.104138105,-0.063111064,-0.081230176,-0.082845426,-0.01987433,-0.085441755,-0.085441755,-0.061356517,-0.071569462,0.090981231,0.090981231,0.028498902,0.028498902,0.133178185,-0.085206029,-0.085206029,-0.062395199,-0.062395199,0.044901384,-0.130846076,-0.130846076,-0.088751957,0.087077926,0.087077926,-0.00609687,-0.00609687,-0.102648861,-0.102648861,-0.073575665,-0.112529326,0.043873857,0.014955069,-0.099791549,-0.099791549,0.036098131,0.036098131,-0.102018029,-0.102018029,-0.078696528,-0.078696528,0.093629919,0.093629919,0.002048177,0.002048177,-0.062269183,0.141136038,0.105743222,-0.049837457,-0.049837457,-0.065298406,-0.065298406,-0.050693473,-0.050693473,-0.118606829,-0.118606829,0.031820956,0.031820956,0.012277025,-0.111588469,-0.137466223,-0.137466223,-0.061738763,-0.061738763,0.077771934,0.077771934,-0.003779144,-0.003779144,-0.108772762,-0.108772762,0.027810473,-0.087409418,-0.087409418,0.078169432,0.078169432,0.035144802,0.035144802,0.01274007,0.01274007,0.014185513,0.007234681,0.017161533,0.017161533,0.012745443,0.012745443,0.03796941,0.03796941,-0.008921239,-0.008921239,-0.021660149,-0.021660149,0.006567399,0.006567399,0.0005549,0.0005549,0.078084224,0.078084224,-0.051930623,-0.051930623,0.043469534,0.003201689,-0.074479831,-0.074479831,-0.009804165,-0.009804165,0.0767904,0.0767904,-0.001515367,-0.001515367,-0.01326397,0.017864924,0.017864924,0.008059474,0.008059474,0.068142716,0.019322888,0.019322888,-0.020244869,-0.020244869,0.035036642,0.035036642,0.021286711,0.021286711,0.028111105,0.028111105,-0.038477374,-0.038477374,-0.020258459,-0.047540151,-0.047540151,0.059197943,0.059197943,-0.003784682,-0.003784682,0.046578608,0.029510993,0.029510993,-0.043971405,-0.043971405,-0.016440471,-0.016440471,-0.015092078,-0.03117649,-0.03117649,-0.019450878,-0.019450878,0.006583816,-0.011576555,0.041908361,0.041908361,0.019189132,0.003282848,0.033849275,0.033849275,0.047087559,0.047087559,-0.044009764,-0.029724337,-0.039018069,-2.80E-05,-2.80E-05,-0.002186745,-0.000217066,0.000561397,-0.000450341,0.001068855,1.80E-05,0,0,0,0,0.001388513,0,0,-8.47E-05,0,0,0,0,0,0,0,0,0.002694091,0.000894956,0,0,0,0
2000,0.042375449,0.000374535,-0.000259376,-0.008729549,-0.002955052,-0.002955052,0.002477555,0.008850784,0.011248764,0.225468086,0.006288254,0.006288254,-0.29077472,0.013926559,0.006239151,-0.097872361,-0.097872361,0.058910356,0.058910356,0.075334493,0.111246815,-0.021884544,0.001900757,0.001900757,0.033073247,-0.117446368,-0.117446368,0.004744852,0.02066719,0.02066719,-0.052710241,-0.052710241,0.150242456,-0.101281462,-0.101281462,-0.046423434,-0.046423434,0.110937004,0.085998803,-0.068503229,-0.068503229,0.018936047,0.036510455,-0.001432698,-0.001432698,-0.020207918,-0.020207918,-0.04123474,-0.04123474,0.110680475,0.110680475,0.011935251,0.125119481,-0.020911061,-0.020911061,-0.078484452,-0.078484452,0.025291207,0.025291207,-0.042759183,-0.042759183,-0.053072462,-0.053072462,-0.038169682,-0.120375782,-0.017625187,0.063740093,0.063740093,-0.101271649,-0.020862648,-0.020862648,0.093610706,0.093610706,-0.001763899,-0.001763899,-0.005390006,-0.005390006,-0.002336805,-0.002336805,-0.070823525,-0.070823525,-0.000774237,-0.000774237,-0.082063922,0.063545511,0.037994264,0.110361151,0.110361151,-0.023776933,-0.023776933,-0.069788494,-0.069788494,-0.007434186,-0.007434186,-0.033571913,0.089349683,0.089349683,-0.014768394,-0.014768394,-0.006975117,-0.006975117,-0.156989827,-0.156989827,0.028266422,0.028266422,0.036581511,0.036581511,0.010702184,0.010702184,0.038047602,0.038047602,-0.020216496,-0.020216496,-0.025293033,-0.132001058,-0.132001058,0.036009789,0.036009789,0.019454684,0.019454684,0.035376002,0.035376002,0.015173916,0.015173916,-0.004778747,-0.004778747,0.035956127,-0.022244305,0.097901227,0.097901227,-0.009911162,-0.009911162,0.075004362,0.075004362,0.039415601,0.039415601,0.104111292,-0.008172616,-0.008172616,-0.021164262,-0.021164262,0.008318181,0.008318181,-0.007503532,-0.007503532,-0.064009044,-0.064009044,0.01393186,0.01393186,-0.000677191,-0.000677191,-0.017281655,-0.017281655,-0.02684516,-0.02684516,-0.073548533,-0.073548533,0.022836694,0.022836694,-0.069002977,0.043026935,0.043026935,-0.007269478,-0.027316329,-0.027316329,-0.028541306,-0.041439596,-0.041439596,-0.009455958,-0.078037352,-0.036159691,-0.032931641,-0.032931641,0.036666684,0.036666684,0.071124344,-0.002206512,-0.001391681,-0.000232727,0.000411331,-0.000328889,0.00115455,-0.000162759,0,0,0,0,0.001108083,0,0,0.000124361,0,0,0,0,0,0,0,0,0.002094005,0.001291696,0,0,0,0
2001,0.040077137,0.000290473,-0.000143519,-0.008004343,0.18401906,0.010045315,0.010045315,0.005002369,0.002490351,-0.200475624,-0.003094244,-0.003094244,-0.123638366,-0.123638366,0.107482604,0.001980858,0.257743855,-0.014626247,0.048119253,-0.01787922,0.039470227,-0.01732608,0.007712403,-0.044382347,-0.044382347,0.003768508,-0.048186482,-0.048186482,-0.015252887,-0.015252887,0.064366327,-0.006709428,-0.280209552,-0.036042886,0.019778958,0.043231212,0.043231212,0.099757085,0.099757085,0.004989711,0.004989711,0.098687489,0.010374947,0.010374947,-0.01573813,0.02465325,-0.066770004,-0.066770004,-0.007027877,-0.007027877,0.138646533,-0.045128503,-0.045128503,0.10524829,0.10524829,0.012725208,0.012725208,0.071947428,0.002780896,0.002780896,-0.049569515,-0.015781315,-0.151292789,-0.151292789,0.142210436,-0.002981739,-0.002981739,-0.027667888,0.014838125,0.014838125,0.063574049,0.063574049,-0.043587424,-0.043587424,0.078134081,0.078134081,0.05515894,0.05515894,-0.071533292,0.017472798,-0.039324123,-0.039324123,-0.069890883,-0.0346481,-0.0346481,0.105573656,0.047183429,-0.071929472,-0.014466647,-0.014466647,0.056308038,0.056308038,-0.00364117,0.141064125,-0.034408218,-0.034408218,0.00499418,0.00499418,0.0557446,0.0557446,0.010953064,0.010953064,0.0294231,0.0294231,0.090471058,0.090471058,0.05464637,0.05464637,0.095914574,0.095914574,0.039750886,0.039750886,-0.141721276,-0.141721276,-0.007321001,-0.007321001,-0.029224649,-0.029224649,-0.094829147,-0.094829147,0.007468386,0.074204657,0.074204657,0.021352362,0.050294022,0.050294022,0.057554224,0.057554224,0.008683202,0.008683202,-0.019667316,-0.019667316,-0.021634461,-0.021634461,-0.020345034,-0.018996538,-0.018996538,-0.003638506,-0.003638506,-0.041563378,-0.003380518,-0.003380518,-0.032034159,-0.032034159,0.002541808,0.002541808,0.027359159,0.027359159,0.015566307,0.015566307,-0.003414254,0.005052108,0.005052108,-0.022443168,-0.022443168,-0.030507146,-0.030507146,-0.040525498,-0.040525498,-0.002471361,-0.002471361,-0.036996162,-0.036996162,-0.033648465,-0.033648465,0.018942018,0.018942018,0.001206998,0.001206998,0.110983099,-0.073722064,-0.020511138,-0.027828684,-0.027828684,0.043302704,0.016447154,0.016447154,-0.001554313,-0.000184348,0.000283004,-0.000152411,0.001069883,-4.09E-05,0,0,0,0,0.001620641,0,0,2.48E-05,0,0,0,0,0,0,0,0,0.002129535,0.001291341,0,0,0,0
2002,0.039687647,0.000377068,-0.000355423,-0.007962995,0.017668521,0.001027875,0.001027875,-0.026996738,-0.013874812,-0.013874812,0.101769282,-0.020557095,0.101340734,0.101340734,-0.066389244,-0.034760605,0.066538224,0.148706611,0.015940265,0.015940265,0.106532226,0.139805056,-0.114448914,-0.114448914,0.099190987,0.123703404,-0.074753144,-0.074753144,-0.037494179,-0.037494179,-0.012587855,-0.012587855,0.033363089,0.022612643,0.011436834,0.045435998,0.045435998,-0.010779112,-0.010779112,-0.14048632,-0.14048632,-0.003737677,-0.003737677,0.02055939,-0.062465473,-0.062465473,0.027131578,0.027131578,0.101404109,0.082713891,0.082713891,-0.05246409,-0.05246409,-0.142107878,-0.142107878,-0.091416527,-0.091416527,0.001996687,0.001996687,0.020367024,-0.005840505,-0.118673409,-0.118673409,-0.047261954,-0.014845289,0.028962526,0.028962526,-0.016273729,-0.016273729,0.093132753,0.093132753,0.01008941,0.01008941,-0.144980136,-0.144980136,-0.091841591,0.006857626,0.006857626,0.034382112,0.034382112,0.004088473,0.004088473,-0.068429035,-0.068429035,0.050048392,-0.098571541,0.105388409,0.105388409,0.081345473,0.001876996,0.001876996,0.017605612,-0.003836112,-0.003836112,-0.008349555,-0.008349555,-0.053024861,0.055098869,-0.021120935,-0.021120935,0.039787842,0.039787842,0.044276744,0.044276744,0.048982944,0.048982944,0.018034005,0.018034005,-0.122506768,-0.122506768,-0.005020698,0.021201828,0.021201828,-0.059397001,0.097045332,0.097045332,0.002503379,0.002503379,-0.025103514,-0.025103514,-0.005680071,-0.005680071,-0.024710765,-0.024710765,0.058531878,0.058531878,-0.125993502,-0.125993502,0.018673693,0.019695531,0.019695531,0.034178756,0.034178756,-0.01756621,-0.01756621,-0.030555053,-0.023271394,-0.023271394,0.020685547,0.020685547,-0.006111064,-0.006111064,0.057756662,0.057756662,0.028989967,0.028989967,0.004939016,0.004939016,0.055121624,-0.030113929,-0.030113929,-0.012975638,-0.012975638,0.025375811,-0.00422134,-0.00422134,0.024740854,0.024740854,-0.042897614,-0.042897614,0.042574151,-0.021495393,-0.021495393,-0.014788982,-0.014788982,0.011069225,0.011069225,0.060070911,0.060070911,-0.025258565,-0.010312292,-0.010312292,-0.034672034,0.067593369,-0.062091186,-0.062091186,0.086471703,-0.001287845,-0.000109873,0.000564444,-0.000187824,0.001688237,-4.42E-05,0,0,0,0,0.000856469,0,0,0.000127733,0,0,0,0,0,0,0,0,-0.000660263,0.002017834,0,0,0,0
2003,0.041496477,-0.000460446,-0.00033869,0.008242901,-0.015145633,0.010850576,-0.010128774,-0.010128774,0.12449227,-0.00744997,-0.046102389,0.006587053,0.019947784,-0.131384644,-0.131558638,0.037015108,0.037015108,0.055828199,0.015623838,0.015623838,-0.09500736,-0.09500736,-0.067830247,-0.067830247,-0.12498107,-0.037488172,-0.037488172,0.000943714,0.000943714,0.003386591,-0.096039693,-0.096039693,0.11313683,0.11313683,0.04716895,0.04716895,0.086494222,0.086494222,0.1879109,0.1879109,-0.0412513,-0.0412513,-0.062082981,-0.062082981,-0.009583948,-0.009583948,-0.090678082,-0.090678082,0.017933382,0.017933382,0.08288512,0.141747714,-0.103364647,-0.103364647,0.193487238,0.193487238,-0.046921413,-0.046921413,-0.057306481,-0.094435306,-0.094435306,0.04090838,0.04090838,0.020162818,0.086073039,0.15719406,0.15719406,-0.044737187,0.029364086,0.029364086,0.015970649,0.015970649,-0.020102643,-0.020102643,-0.006580164,-0.006580164,-0.031380598,0.055776446,-0.019403182,-0.019403182,-0.001905179,-0.001905179,0.029941843,-0.009096846,-0.009096846,0.040964935,0.040964935,0.007046947,0.007046947,-0.037640398,0.082087526,0.082087526,-0.124005191,0.007752454,0.007752454,0.157822404,-0.015944048,-0.015944048,0.040454806,0.040454806,0.093130688,0.093130688,-0.039812077,0.058602905,0.058602905,-0.178243884,-0.178243884,0.076175757,0.076175757,-0.056384548,-0.056384548,-0.023588516,0.005209016,0.005209016,-0.19795899,-0.19795899,0.167216753,0.167216753,-0.033909842,-0.033909842,-0.108439793,-0.108439793,0.044583614,0.044583614,-0.048543592,-0.048543592,-0.030002986,-0.030002986,-0.010553139,-0.045744729,-0.045744729,-0.025656399,-0.025656399,-0.035567593,-0.023029669,-0.023029669,-0.026860007,-0.026860007,-0.024066497,-0.024066497,0.001223939,0.001223939,-0.060940587,-0.046873902,-0.046873902,0.034365841,0.034365841,0.033245864,0.033245864,-0.092965568,-0.013253532,-0.013253532,0.001286703,0.001286703,-0.015929916,-0.015929916,0.031017674,0.031017674,-0.039579187,-0.039579187,-0.03612575,-0.03612575,-0.024774799,0.008558335,0.008558335,-0.003502172,-0.003502172,-0.050115043,-0.050115043,0.096106879,0.050555862,-0.029102987,0.003528282,0.003528282,-0.014835744,0.035974458,0.025711143,-0.001380939,-0.000266976,0.000314966,-0.000375764,0.001509507,-5.34E-05,0,0,0,0,0.001078958,0,0,-1.72E-05,0,0,0,0,0,0,0,0,-0.000741111,0.002679729,0,0,0,0
2004,0.040699979,-0.000494753,0.00023807,-0.008210751,-0.016096229,-0.206561453,-0.206561453,0.164942549,0.006416759,0.05915426,-0.080258595,-0.080258595,-0.004122332,-0.004122332,-0.031739706,-0.224228522,-0.004184454,-0.01968367,-0.01968367,-0.042897858,-0.042897858,0.106850905,0.106850905,0.003091195,0.035467853,0.035467853,-0.035090056,-0.035090056,-0.020617332,-0.036599633,-0.036599633,-0.063532214,-0.063532214,0.105531141,0.105531141,0.073914021,0.073914021,-0.043020996,0.033256989,0.033256989,-0.041455178,-0.041455178,0.02728399,0.02728399,0.006901762,0.006901762,0.036117175,0.036117175,-0.082568252,-0.082568252,0.133575941,0.133575941,-0.023241924,-0.0499661,-0.0499661,-0.163382402,-0.163382402,0.065270764,0.065270764,-0.119001993,-0.119001993,-0.019625582,-0.109570063,-0.109570063,0.005820154,0.005820154,-0.058668146,0.076674548,-0.058017604,-0.107533522,-0.107533522,-0.059450483,0.027000807,-0.035682018,-0.035682018,0.016102927,0.016102927,0.0078782,-0.011041384,-0.011041384,0.067051315,0.067051315,0.02554089,0.02554089,-0.065163865,-0.065163865,-0.036742351,-0.036742351,0.003778197,0.003778197,-0.046393347,-0.074636342,-0.007453446,-0.007453446,0.092574091,-0.030102912,-0.030102912,-0.125367524,-0.125367524,-0.018113938,-0.018113938,0.025960637,0.025960637,-0.018407061,0.001419088,0.001419088,0.031031185,0.090636011,0.090636011,-0.04513691,-0.04513691,0.063208757,0.063208757,-0.012307862,-0.012307862,-0.231155781,-0.231155781,-0.05813495,-0.05813495,0.055834305,0.055834305,0.032714106,0.032714106,-0.056011934,-0.056011934,0.00710821,0.039893462,0.039893462,-0.011703537,-0.039850062,-0.039850062,0.144666143,0.144666143,-0.060505205,-0.060505205,-0.008493547,-0.008493547,-0.00892212,-0.00892212,-0.023823863,-0.023823863,0.088370695,-0.001873326,-0.001873326,0.032886923,0.032886923,0.053269288,0.053269288,0.056602769,0.056602769,-0.057613865,-0.057613865,-0.008629235,-0.008629235,-0.02151548,-0.02151548,0.05311975,-0.017230473,0.016307062,0.016307062,0.043470469,0.02096201,0.02096201,0.055200318,0.055200318,0.032366991,0.032366991,0.025585848,0.025585848,-0.009275444,-0.009275444,-0.011674276,-0.011674276,-0.035388863,-0.035388863,0.04006837,0.012118612,-0.001289423,-0.00027015,0.000144967,-0.000636546,0.001321229,-0.000163725,0,0,0,0,0.000957182,0,0,-4.31E-05,0,0,0,0,0,0,0,0,-0.000311854,0.003368485,0,0,0,0
2005,0.03461909,-0.000486342,-0.000204223,0.008956282,-0.011977688,-0.011977688,-0.20630868,-0.20630868,-0.168428699,-0.00206711,-0.019018358,-0.019018358,0.050767234,0.038009434,0.038009434,-0.073999855,-0.073999855,-0.008767359,-0.008767359,0.127187499,-0.135084038,-0.135084038,-0.156610958,-0.040732325,-0.040732325,-0.029364417,-0.029364417,-0.004392398,-0.037659707,0.059471372,0.059471372,-0.02016416,-0.02016416,-0.101697261,0.002167006,0.077402642,0.143637039,0.143637039,-0.063006541,-0.063006541,0.032202317,0.032202317,-0.090263901,-0.105338612,0.146966042,0.078241737,0.229927454,0.229927454,-0.072855314,-0.072855314,-0.096245145,-0.096245145,0.015252749,0.015252749,-0.071643859,-0.071643859,0.095266303,0.095266303,0.087481658,0.075317999,0.075317999,0.014761641,0.180534782,0.082791717,0.082791717,-0.056693962,-0.056693962,0.036130337,0.036130337,-0.040338638,-0.040338638,-0.066804274,-0.066804274,-0.066825519,-0.062294849,-0.062294849,-0.02448642,0.098184713,0.098184713,-0.043875431,0.074414537,0.074414537,0.080648246,-0.050973782,-0.050973782,-0.006306617,-0.006306617,-0.072637586,-0.035966709,-0.035966709,-0.146469499,-0.146469499,0.034280632,-0.109990202,0.097492597,0.097492597,0.002456746,0.002456746,-0.069263866,-0.069263866,-0.080158473,0.012373637,0.012373637,0.023162288,0.023162288,-0.001474116,-0.199747351,-0.199747351,0.079834149,0.079834149,-0.063625351,0.03299419,0.03299419,0.05440889,0.05440889,0.079362232,0.079362232,0.006963048,0.032189531,0.032189531,0.04989926,-0.051711012,-0.051711012,-0.044411412,-0.044411412,-0.045516219,0.078483107,0.078483107,0.04520187,0.028623758,0.028623758,-0.051410487,-0.051410487,-0.036969646,-0.036969646,-0.068616172,-0.068616172,0.075520811,0.075520811,0.010297115,0.010297115,0.045359402,0.045359402,0.010822935,0.010822935,0.044361393,0.044361393,-0.023756793,-0.023756793,-0.007172283,-0.007172283,-0.038429799,-0.038429799,-0.05366798,0.056369742,0.056369742,0.004126033,0.004126033,-0.034789645,-0.034789645,-0.000695909,-0.000695909,0.044947705,0.044947705,-0.021359326,0.045534706,0.045534706,0.003680863,0.091321758,0.018867571,0.006469535,0.006469535,-0.059385726,-0.059385726,0.051630704,0.08759697,-0.006349014,-0.000977276,-0.000268069,9.43E-05,-0.000473282,0.001022455,-1.65E-05,0,0,0,0,0.00087661,0,0,-2.09E-05,0,0,0,0,0,0,0,0,-0.000231139,0.004014872,0,0,0,0
2006,0.035876462,-0.000615049,0.00016806,0.007888417,-0.014271271,-0.224692997,-0.224692997,0.276987502,-0.295171649,-0.010839241,0.078003851,0.078003851,-0.000736611,-0.000736611,-0.018010608,-0.018010608,0.058035404,0.058035404,0.011531159,-0.109163117,0.041110718,0.171708133,0.171708133,-0.15448029,-0.036680674,-0.036680674,0.059583112,0.164042736,-0.003361248,-0.003361248,-0.02041386,-0.02041386,-0.08583199,-0.08583199,-0.090541997,-0.090541997,0.21105428,0.21105428,0.050230999,-0.099639474,-0.099639474,0.113539393,0.113539393,0.045002556,0.045002556,-0.038619068,-0.038619068,-0.086409814,-0.086409814,0.011692026,0.011692026,0.057563204,0.208441496,0.208441496,0.093065471,0.093065471,0.103610584,0.103610584,0.12062911,0.12062911,-0.030821334,0.137585152,0.137585152,-0.028070779,-0.043174701,-0.043174701,0.095354236,0.095521529,0.095521529,-0.04928889,0.051146766,0.051146766,0.022473194,0.022473194,-0.106839711,-0.106839711,0.083750579,0.083750579,0.014134373,0.003804921,-0.002287308,-0.001249116,-0.001249116,-0.004980953,-0.078099278,-0.078099278,-0.004784492,-0.004784492,-0.027724639,-0.027724639,0.02118056,-0.07376236,-0.07376236,-0.094158604,-0.094158604,0.014214123,0.014214123,0.034204088,0.034204088,-0.00168402,-0.00168402,-0.034189292,-0.034189292,0.025021621,-0.04479907,-0.04479907,-0.116066841,-0.116066841,0.144530276,0.144530276,0.003567116,0.003567116,0.019554675,0.009990899,0.009990899,-0.050373109,-0.050373109,0.033519565,-0.017204258,-0.017204258,-0.088044347,-0.088044347,0.0273499,0.0273499,0.001551497,0.001551497,-0.04681942,-0.04681942,-0.057822271,-0.057822271,-0.067819642,-0.067819642,-0.000373679,-0.000373679,-0.004035563,-0.004035563,0.002979057,0.002979057,-0.009357383,-0.033143122,-0.033143122,-0.11975743,-0.11975743,0.047883938,0.047883938,0.000848782,0.000848782,-0.026592173,-0.035329892,0.073228896,0.073228896,0.079532173,0.079532173,-0.061541741,-0.061541741,0.079389983,-0.017116676,-0.017116676,0.068644727,0.068644727,-0.011389663,-0.011389663,0.057500505,0.057500505,0.032015109,0.012538246,0.012538246,-0.000610168,0.066366886,-0.003890578,-0.04644967,-0.108224201,-0.108224201,-0.068491988,-0.068491988,-0.041196942,-0.041196942,-0.001061957,-0.000252034,0.00012027,-0.000603418,0.000762617,-8.37E-05,0,0,0,0,0.000533716,0,0,0.0002171,0,0,0,0,0,0,0,0,-0.000544045,0.004984823,0,0,0,0
2007,0.038695717,-0.000467844,-0.000216647,0.006066948,0.005868509,-0.003422604,-0.003422604,0.149228273,0.149228273,-0.102573339,-0.260286453,-0.207711861,0.0261198,0.0261198,0.00132785,-0.028220964,-0.028220964,-0.100352704,0.074244493,-0.036102175,0.005513963,-0.019429221,-0.019429221,0.001475489,0.001651787,0.001651787,0.009618174,0.164281918,0.164281918,0.194972679,0.194972679,-0.017950742,-0.017950742,-0.078424415,-0.089863767,-0.089863767,-0.065438146,-0.065438146,0.149270247,0.114474148,0.114474148,-0.094363725,-0.094363725,0.028508578,0.028508578,-0.088104009,-0.088104009,-0.040600909,-0.040600909,0.07597444,0.094425152,-0.05637725,-0.05637725,0.074927613,0.00545215,0.00545215,-0.026591652,-0.026591652,-0.011636439,0.040610951,0.040610951,-0.08351121,-0.08351121,0.070215349,0.070215349,-0.004699089,-0.004699089,-0.004289552,-0.004289552,0.028982109,-0.091648048,-0.091648048,-0.044435044,-0.130365747,-0.130365747,-0.017510158,0.043193015,0.043193015,-0.059986601,-0.059986601,0.002297072,0.002297072,-0.033483847,-0.016974205,-0.016974205,0.082873257,0.082873257,0.079649301,0.079649301,-0.06193843,-0.06193843,-0.061234389,-0.061234389,-0.035195021,-0.035195021,0.059407851,0.059407851,-0.020504026,-0.020504026,-0.023615444,-0.023615444,-0.045085105,-0.122035338,-0.122035338,-0.044258246,-0.044258246,-0.072046211,-0.072046211,-0.097649057,-0.009289336,-0.049576679,-0.049576679,-0.107447452,-0.107447452,0.011481425,0.011481425,-0.033508868,-0.033508868,0.027659048,0.027659048,0.085509295,0.085509295,0.098967337,-0.016160702,-0.042022824,-0.042022824,-0.048429199,-0.048429199,-0.01021017,0.028514063,0.034209257,0.034209257,-0.096646912,-0.096646912,0.040410456,0.040410456,-0.008674958,-0.008674958,-0.017289631,-0.017289631,-0.05650597,-0.05650597,-0.014878866,-0.014878866,0.086568125,0.032844879,0.032844879,0.066420419,0.066420419,0.143008358,0.143008358,-0.118441625,-0.118441625,-0.075399428,-0.075399428,0.059659525,0.059659525,-0.118890214,0.019409677,0.019409677,-0.089937698,-0.089937698,0.015380947,0.015380947,-0.014794814,-0.014794814,-0.015496009,-0.015496009,0.063346231,0.063346231,0.10608495,0.10608495,-0.073283119,-0.067236925,-0.067236925,-0.032331198,0.032476768,-0.000860788,-0.000163469,0.000269748,-0.000395941,0.000816574,0.000105116,0,0,0,0,0.000519819,0,0,1.95E-05,0,0,0,0,0,0,0,0,-0.000302562,0.003300813,0,0,0,0
2008,-0.039159115,-0.000458367,0.000282285,-0.00557381,-0.001650618,-0.001650618,0.031923819,0.167515525,0.167515525,0.1484962,-0.129029519,0.126390289,-0.152092768,-0.152092768,-0.044717105,0.043194769,0.043194769,-0.019673003,-0.019673003,-0.014547912,0.000939363,0.039347397,-0.007138929,-0.007138929,0.015204102,-0.012163161,-0.193167887,-0.193167887,-0.078030384,-0.023945968,0.020919975,0.068337671,0.068337671,0.089251505,0.089251505,0.216514743,0.216514743,-0.148928582,-0.10902262,-0.10902262,0.022501252,0.022501252,-0.063018902,0.011682278,0.011682278,-0.211464749,0.110577324,0.110577324,0.062287313,-0.035921141,0.001122568,0.203781309,-0.052337569,-0.052337569,0.023773657,0.023773657,0.039889282,0.039889282,0.009708343,-0.002715842,-0.002715842,0.044067377,0.044067377,0.000506336,0.000506336,0.052228172,0.052228172,0.056258375,0.110408515,0.110408515,0.053909665,0.053909665,0.01274505,0.01274505,0.018453506,0.018453506,-0.027689907,-0.027689907,0.054449864,0.054449864,0.012833758,-0.048432469,-0.048432469,-0.055632845,-0.012403392,-0.012403392,0.036287935,0.036287935,0.013073052,0.013073052,0.085499907,0.085499907,0.021113987,0.021113987,0.043422294,0.043422294,-0.015196207,-0.015196207,0.061353279,-0.050472015,-0.050472015,-0.079819602,-0.079819602,0.008774918,0.008774918,0.023795622,0.023795622,-0.070840491,-0.070840491,-0.010144389,0.009518589,-0.044285994,-0.044285994,-0.067274577,-0.067274577,-0.059779794,-0.059779794,-0.068381458,-0.068381458,-0.024957367,-0.024957367,0.032662471,0.032662471,-0.060682663,-0.060682663,-0.014474042,0.022236457,0.022236457,0.066172656,0.066172656,0.013712419,0.013712419,0.040460893,0.037197791,0.037197791,-0.025787176,-0.025787176,-0.105009356,-0.038447967,-0.038447967,-0.07914105,-0.07914105,-0.046143234,-0.046143234,0.00815654,0.00815654,-0.00872224,-0.00872224,0.020683068,0.020683068,0.067924606,0.067924606,-0.018640975,-0.018640975,0.032558286,0.032558286,0.008507306,0.008507306,-0.008217944,0.011719987,0.011719987,0.016993455,-0.026487457,-0.026487457,0.046711564,0.046711564,-0.023696775,0.015604686,0.015604686,0.016043792,0.016043792,-0.063716482,0.032006797,0.062122624,0.062122624,0.034432588,0.022506989,-0.000795675,-5.19E-05,0.000435666,-0.000505022,0.001154811,9.76E-05,0,0,0,0,0.000740989,0,0,-8.46E-06,0,0,0,0,0,0,0,0,-0.000266211,0.003598243,0,0,0,0
2009,0.044322488,0.00060921,0.000277863,-0.006085073,-0.009386598,-0.010263492,-0.001575702,-0.060022151,-0.060022151,-0.187999782,-0.196246169,-0.196246169,-0.20595903,0.094658404,0.094658404,-0.194791504,0.207344927,-0.095836093,-0.027204713,-0.091203758,-0.091203758,0.260589603,0.260589603,-0.184813667,-0.004422827,0.134039097,-0.162376654,-0.162376654,0.001232888,0.001232888,-0.185767506,-0.027357838,-0.027357838,0.048354022,0.048354022,0.010800305,0.052874896,0.052874896,-0.113530187,-0.113530187,0.065953337,0.065953337,0.041767459,-0.047231901,-0.047231901,-0.039691861,-0.039691861,-0.004884832,-0.004884832,0.070689374,0.070689374,0.035402355,0.035402355,0.086503927,0.157061581,0.010513796,0.090856493,0.090856493,-0.037572002,-0.037572002,-0.074152839,-0.074152839,-0.099595342,-0.099595342,-0.00602781,-0.040064336,-0.040064336,-0.0294445,-0.0294445,0.006231515,0.056351019,0.056351019,0.048323265,0.048323265,0.115464627,-0.062589044,-0.062589044,-0.006358622,-0.006358622,0.073302865,0.073302865,-0.05394143,-0.05394143,0.003478697,0.088889499,0.088889499,0.009083908,0.009083908,0.137114758,0.137114758,0.054902685,0.015840034,0.015840034,0.009758313,0.026900786,0.026900786,0.109777133,0.109777133,-0.044433281,-0.044433281,0.054920182,0.054920182,-0.007467085,-0.007467085,-0.016819403,-0.016819403,0.031393767,0.031393767,0.004087953,-0.001903599,-0.001903599,0.002761933,-0.022195676,-0.022195676,-0.036864058,-0.036864058,-0.079917921,-0.079917921,-0.027566664,-0.027566664,-0.01486531,-0.01486531,0.078860378,0.078860378,0.038325384,-0.003422366,0.044181152,0.044181152,-0.047360596,0.04958049,-0.011044427,-0.053407859,-0.053407859,0.053614254,0.053614254,-0.053560151,-0.053560151,0.033832858,0.033832858,-0.043674044,-0.043674044,-0.036212997,-0.036212997,-0.005314144,-0.021627843,-0.021627843,-0.019112656,-0.019112656,0.017755761,0.017755761,0.007449871,0.007449871,-0.045435869,-0.045435869,0.023197829,0.023197829,0.01408399,0.01408399,0.023708251,0.023708251,-0.019769711,-0.028312606,-0.028312606,0.014167861,0.014167861,4.38E-05,-0.03873218,0.00327305,0.00327305,0.045063294,-0.060737047,-0.060737047,-0.035130923,0.043425991,-0.041473385,-0.053589498,-0.053589498,-0.000826371,-5.80E-05,0.000473046,-0.000468013,0.001243902,0.000189682,0,0,0,0,0.000365949,0,0,5.30E-05,0,0,0,0,0,0,0,0,0.000504022,0.004088098,0,0,0,0
2010,0.046076365,0.000589665,-0.000219839,-0.006193247,-0.005909198,-0.187679299,-0.187679299,0.012212933,-0.003527808,0.216868536,0.216868536,0.18329284,0.115334874,0.062494559,0.062494559,0.045078469,0.045078469,-0.257117276,0.088384442,0.02917969,0.02917969,-0.217423621,-0.217423621,0.008224808,0.008224808,0.008811468,0.008811468,0.019794007,0.019794007,0.0522072,-0.11446747,-0.11446747,-0.082122387,0.168027096,0.168027096,-0.00672618,0.14667346,0.14667346,-0.076658697,0.10754816,0.10754816,0.01931814,0.01931814,0.016772629,0.016772629,-0.142940371,-0.081208982,-0.054364536,-0.054364536,0.187841761,0.187841761,0.07002078,0.07002078,0.070704027,0.070704027,0.002032456,0.002032456,-0.009530043,-0.009530043,-0.004149606,0.039874008,0.004318556,0.004318556,-0.052755044,-0.052755044,0.06934522,0.06934522,0.048697625,0.048697625,0.016054493,0.016054493,-0.055086744,-0.05539346,-0.05539346,0.068407615,0.068407615,0.007088295,0.007088295,0.081435454,0.081435454,0.117977085,0.047480698,-0.104499382,-0.104499382,0.008113586,0.008113586,0.102643417,0.102643417,-0.008146592,-0.008146592,0.00819417,0.00819417,-0.058008859,-0.058008859,-0.045282533,-0.028103798,-0.028103798,-0.026656793,-0.026656793,-0.113600583,-0.145736069,-0.145736069,0.007021761,0.007021761,0.098227889,0.038550416,0.038550416,-0.049516257,-0.078493861,-0.078493861,-0.068625395,-0.068625395,0.03428072,-0.020412753,-0.020412753,-0.111419427,-0.111419427,-0.061699604,-0.061699604,0.064716931,-0.005475945,-0.005475945,-0.066076569,-0.066076569,0.092994891,0.092994891,-0.040338252,-0.040338252,-0.065459616,-0.065459616,0.049657895,0.049657895,-0.027530465,-0.027530465,0.01612422,0.01612422,0.010141321,0.010141321,-0.088277504,-0.088277504,-0.034346052,-0.034346052,0.009752463,0.011587225,0.011587225,-0.077632049,-0.077632049,0.048433692,-0.029556586,-0.029556586,-0.00991272,-0.00991272,-0.012733128,-0.012733128,0.020718088,0.020718088,0.053801774,0.053801774,-0.052707168,-0.038701918,-0.038701918,-0.032374642,0.010362148,0.010362148,-0.057197684,-0.037880125,-0.037880125,-0.023115251,-0.023115251,-0.020593578,-0.020593578,0.030903632,-0.042854948,-0.042854948,-0.093639667,-0.14304856,0.02947357,-0.000640964,-0.000150423,0.00051681,-0.000422633,0.001101181,0.000174862,0,0,0,0,0.000321789,0,0,1.80E-05,0,0,0,0,0,0,0,0,0.002103844,0.003513764,0,0,0,0
2011,-0.050553364,-0.000570463,0.000258051,-0.006433204,0.011571037,-0.014600081,-0.218217783,-0.218217783,0.004795842,0.173806424,-0.127540986,-0.153015989,-0.022025192,-0.022025192,-0.193556068,-0.193556068,-0.156971951,-0.128385803,-0.004844633,-0.019729193,-0.017220829,-0.017220829,-0.010401446,-0.010401446,-0.150401981,-0.150401981,-0.043500338,-0.043500338,-0.004479258,0.0045298,-0.206696882,-0.206696882,0.006119873,0.170805968,0.170805968,0.117399116,0.046559105,0.081699754,-0.02346381,-0.02346381,-0.072403861,-0.007471827,-0.007471827,-0.071298891,0.114047626,0.087846614,0.001478863,0.001478863,-0.129549183,-0.129549183,-0.005455228,-0.005455228,0.212805682,-0.081942918,-0.081942918,-0.052881944,-0.052881944,-0.125412657,-0.078508294,-0.078508294,-0.070542637,-0.070542637,-0.047784024,-0.047784024,0.013537552,0.013537552,0.119827637,0.119827637,-0.057380613,-0.057380613,0.046990011,0.046990011,-0.066497422,-0.066497422,0.074488594,0.074488594,-0.006412675,-0.006412675,0.030417626,0.030417626,0.004607837,0.004607837,-0.096241161,-0.017585284,-0.086804074,-0.086804074,-0.000566495,-0.000566495,0.003767323,0.003767323,-0.115574213,-0.115574213,0.075422067,0.075422067,-0.066040519,0.038123834,0.038123834,-0.024979773,-0.024979773,0.183667893,-0.062872584,-0.02600883,0.007221829,0.007221829,-0.175753054,-0.175753054,-0.065161027,-0.080554408,-0.080554408,-0.006851564,-0.006851564,0.033930481,0.033930481,0.007001611,-0.056448988,-0.056448988,-0.042012769,-0.042012769,0.10202092,0.10202092,0.0006489,-0.057895009,-0.057895009,0.002510286,0.002510286,0.009338368,0.016462999,0.026330743,0.026330743,-0.077286129,0.026733263,0.026733263,0.035617221,0.035617221,0.069775395,0.069775395,0.011408688,0.011408688,-0.000897296,-0.000897296,-0.001425146,-0.001425146,-0.03254854,-0.03254854,-0.071915792,-0.071915792,0.024592286,0.024592286,0.045151633,0.045151633,0.007853254,0.007853254,-0.021881737,-0.021339289,-0.021339289,0.009236903,0.009236903,-0.053291911,0.021167173,0.021167173,0.048271642,0.048271642,0.030581287,0.030581287,0.017880179,0.017880179,-0.035935464,-0.035935464,-0.06781318,0.024433245,0.024433245,0.09000098,-0.054180308,-0.008857072,-0.003068732,-0.048021989,-0.048021989,-0.000668196,-8.34E-05,0.001074812,-0.000418059,0.000879173,0.000170709,0,0,0,0,0.000253023,0,0,-1.69E-05,0,0,0,0,0,0,0,0,0.003214338,0.002997698,0,0,0,0
2012,0.054427012,-0.000426222,0.000614011,0.002944654,0.005040011,-0.011051231,0.003546785,-0.245477412,-0.245477412,-0.016278815,-0.004561312,-0.015051163,-0.156118039,0.104563611,0.104563611,5.30E-05,5.30E-05,-0.008206535,0.033990397,0.164699652,0.023003644,0.00014975,0.00014975,-0.006899863,-0.006899863,0.021106569,-0.156525558,-0.156525558,0.197830006,0.197830006,0.039931909,-0.024474402,-0.057605586,0.151371411,0.151371411,-0.077256908,-0.119252598,-0.119252598,-0.079876204,-0.079876204,0.074362054,0.074362054,0.113413234,0.035897482,0.035897482,0.094416067,-0.081304956,-0.081304956,-0.021342803,-0.021342803,-0.012717488,-0.012717488,0.006837011,0.006837011,0.125072639,0.125072639,-0.065554677,-0.065554677,-0.121810951,-0.121810951,0.04400917,0.166807799,0.166807799,0.086740359,0.086740359,-0.100750881,-0.100750881,0.101842527,0.053306796,0.053306796,-0.00198031,-0.006123447,-0.006123447,0.014991353,0.014991353,0.097391817,0.057198466,0.057198466,0.049831154,0.049831154,-0.057328195,0.052721702,0.052721702,-0.11815339,-0.04169848,-0.04169848,0.01640568,0.01640568,0.018694377,0.018694377,-0.007747974,-0.007747974,0.035166609,0.035166609,0.036204978,0.036204978,0.118794599,0.118794599,-0.142838864,-0.009310103,-0.009310103,-0.131193864,-0.131193864,0.011400562,-0.125469073,-0.125469073,-0.027183168,-0.027183168,0.006530537,0.006530537,-0.052328513,-0.052328513,0.008964351,-0.010885807,-0.010885807,-0.060991398,0.007196971,0.007196971,0.029338582,0.029338582,0.027250773,0.027250773,-0.037267504,-0.037267504,0.144478783,0.144478783,-0.004038762,-0.004038762,-0.012293064,-0.012293064,0.045030305,0.045030305,0.005799211,-0.030023689,-0.030023689,0.003306414,0.003306414,-0.086482683,-0.086482683,0.014605863,0.014605863,0.082978309,0.082978309,-0.093907208,-0.093907208,0.003131548,0.003131548,0.006895613,0.006895613,-0.028040312,-0.028040312,0.024469374,0.024469374,0.011382478,0.011382478,0.011566135,0.036085435,0.036085435,0.128828095,0.128828095,0.054508141,0.054508141,-0.02288037,-0.02288037,-0.111326354,-0.111326354,-0.052363535,-0.052363535,-0.166407967,0.054982517,0.054982517,0.014031683,0.014031683,0.077847738,-0.069046455,-0.042935756,0.075488394,-0.000403843,0.000114858,0.001860568,-0.000227955,0.000378495,0.000144508,0,0,0,0,0.000118447,0,0,-7.87E-05,0,0,0,0,0,0,0,0,0.006334482,0.001181803,0,0,0,0
2013,0.051899393,0.000587505,0.000373259,-0.004340807,0.008604309,-0.011304092,-0.24367378,-0.24367378,-0.035787599,0.002437422,-0.00809815,-0.008337786,-0.008337786,-0.00927156,-0.194515592,-0.149550084,-0.149550084,-0.09970086,-0.195653129,-0.16397976,0.014757557,-0.008551408,-0.008551408,-0.008818581,-0.008818581,0.020054986,0.020054986,-0.155139064,-0.155139064,0.21633439,0.21633439,0.110516643,0.110516643,0.05463359,0.079934098,0.047420153,-0.149981916,-0.149981916,-0.06883973,-0.06883973,-0.09002185,-0.092641482,0.127911826,0.058224176,0.058224176,0.000721835,0.000721835,-0.01776531,-0.01776531,-0.063312573,-0.063312573,0.002302391,0.002302391,0.128691513,0.128691513,0.173206135,0.173206135,0.095962677,-0.065492552,0.080777069,-0.027228949,-0.027228949,-0.146294165,-0.146294165,0.150734581,0.150734581,0.090319097,0.090319097,0.068893097,-0.09427855,-0.09427855,0.034757066,0.034757066,-0.104423058,-0.104423058,-0.023007706,-0.033422503,-0.040978393,-0.040978393,-0.07584156,-0.07584156,-0.048290016,-0.048290016,0.102099032,0.102099032,0.003016659,0.003016659,-0.042111577,-0.042111577,0.04090623,0.04090623,0.041075116,0.041075116,-0.000407366,0.085954545,0.085954545,-0.153568539,0.03038478,0.080665674,0.080665674,0.002659407,0.002659407,0.005095034,0.005095034,0.001748174,0.001748174,0.006701359,0.006701359,0.127538052,0.127538052,-0.052412082,-0.052412082,-0.013756172,-0.013756172,-0.026406479,-0.026406479,0.008613839,-0.00681154,-0.00681154,-0.073932023,-0.073932023,0.105439791,0.053304213,0.053304213,0.027539705,0.094386387,0.058243456,0.058243456,-0.022331398,-0.022331398,-0.004631237,-0.004631237,-0.00499253,-0.00499253,-0.005908098,-0.005908098,-0.06205077,-0.06205077,0.081147057,0.081147057,-0.104502354,-0.104502354,-0.030462047,-0.030462047,0.033337842,0.033337842,-0.044743459,-0.044743459,-0.015901759,-0.015901759,0.012668574,0.012668574,-0.053444888,-0.053444888,0.016246957,0.016246957,0.00520713,0.00520713,0.027667361,0.027667361,0.024169523,0.024169523,-0.178443976,0.024851387,0.024851387,-0.016238354,-0.016238354,0.145211644,0.003074154,0.003074154,-0.011627105,0.001343388,-0.0279439,-0.0279439,0.007735762,0.042580821,0.042580821,-0.00035373,-3.50E-06,0.001170718,-0.000204442,0.000566023,0.000190002,0,0,0,0,0.000305079,0,0,-0.000203388,0,0,0,0,0,0,0,0,0.006100162,0.002773537,0,0,0,0
2014,-0.049287879,0.00062269,0.000194928,0.003503674,0.010652896,0.010652896,0.000426446,-0.272728621,-0.272728621,-0.003026258,-0.00795045,0.008688131,0.008688131,-0.209930141,-0.209930141,0.211579554,0.153844676,0.153844676,-0.167747173,0.230126988,-0.012714434,-0.012714434,0.15612908,0.15612908,0.233714976,0.224508779,0.224508779,-0.109511659,-0.007540562,0.009884203,0.008638118,0.008638118,-0.037427317,0.008512214,0.008512214,-0.026862437,-0.026862437,0.055766488,0.055766488,-0.211527763,0.063189998,0.063189998,0.081697457,0.081697457,0.182894356,0.182894356,0.006336131,0.006336131,-0.022294535,-0.022294535,-0.066384046,-0.066384046,-0.080416061,-0.080416061,-0.037341225,-0.037341225,-0.11619747,-0.11619747,0.045054263,0.045054263,0.07552573,0.058324892,-0.079862461,-0.079862461,-0.04482275,0.034508938,0.034508938,-0.105489182,0.025111548,0.025111548,-0.019558595,-0.015103413,0.003110394,0.003110394,0.007966826,0.007966826,-0.083207907,-0.047444053,-0.047444053,-0.065146147,-0.065146147,0.012012961,0.012012961,-0.008839715,-0.008839715,-0.026646606,-0.026646606,0.006319484,0.196771386,0.196771386,-0.147087577,0.087334915,0.087334915,-0.071381248,-0.071381248,0.092578058,0.092578058,-0.002978902,-0.002978902,-0.037271934,-0.037271934,-0.026801596,0.012989452,0.012989452,-0.025936694,-0.025936694,-0.16501895,-0.16501895,-0.039128837,-0.039128837,0.048078062,0.036752888,0.036752888,0.080567519,0.080567519,0.028154987,0.028154987,-0.029035668,-0.029035668,-0.020302876,-0.020302876,0.06512268,0.06512268,-0.127524242,-0.076888252,0.060744515,-0.0962964,-0.0962964,0.030420122,0.030420122,-0.105683359,-0.041651425,-0.041651425,-0.010678959,-0.010678959,0.022450943,0.022450943,-0.053993823,-0.053993823,0.039796235,0.039796235,-0.041102048,-0.041102048,-0.077221543,-0.077221543,-0.044616269,-0.044616269,0.000828291,0.000828291,-0.015011998,-0.015011998,-0.007091425,-0.007091425,-0.019620877,-0.019620877,0.06376162,-0.068483513,0.038233165,0.038233165,-0.026753479,-0.026753479,0.019355677,0.019355677,0.02863344,-0.064546321,-0.064546321,-0.067311307,-0.014321715,-0.014321715,-0.067099782,-0.067099782,0.049422424,0.066009535,0.034213808,0.034213808,0.03031946,-0.041047026,-0.000238071,-0.000152392,0.000562911,0.000122377,0.000354713,0.00054928,0,0,0,0,0.000700923,0,0,-0.000333841,0,0,0,0,0,0,0,0,0.006072208,0.002619932,0,0,0,0
2015,0.047709808,-0.000610238,-0.000203168,0.001436518,0.011747063,0.011747063,-0.063090865,-0.274361908,-0.274361908,-0.001373964,0.247521885,0.247521885,0.03953851,0.002437746,0.002437746,-0.014477278,-0.014477278,-0.015837219,-0.015837219,-0.14540229,-0.14540229,-0.00942307,-0.00942307,0.10079789,0.215143225,0.180328325,0.180328325,-0.15358028,-0.15358028,0.097901593,0.097901593,0.005474871,0.041964934,0.004057569,0.004057569,-0.03299233,-0.03299233,0.015786625,0.015786625,0.036306896,0.036306896,0.06275717,0.06275717,-0.186800608,-0.186800608,-0.235503566,-0.021093233,-0.021093233,-0.016235067,-0.016235067,0.023055725,-0.076284961,-0.076284961,0.055540552,0.055540552,0.03293557,0.03293557,-0.138163728,-0.138163728,0.186669365,0.186669365,0.047407329,0.047407329,-0.016502385,-0.082996722,0.163227903,0.105441398,0.105441398,0.031283437,0.031283437,-0.053808498,-0.074266111,-0.074266111,-0.065490752,-0.065490752,-0.078372484,-0.078372484,0.056652325,0.056652325,-0.052944812,-0.052944812,-0.027313835,0.029237259,0.029237259,-0.057363577,-0.057363577,0.112978142,-0.147669749,-0.024145224,-0.024145224,-0.051616542,-0.051616542,-0.153293078,-0.153293078,0.06387763,0.082697038,0.082697038,0.035967322,0.035967322,-0.046656083,-0.046656083,-0.005796079,-0.005796079,0.155866995,0.041673809,0.041673809,-0.061297904,-0.061297904,0.067098887,-0.015941577,0.005898146,0.005898146,0.036149307,0.036149307,-0.027613718,-0.027613718,-0.150626572,-0.150626572,0.003031181,0.003031181,-0.036538342,0.041889928,-0.010135451,-0.010135451,-0.045126609,0.033692773,0.033692773,0.050844319,0.006164172,0.006164172,0.060912023,0.060912023,0.036041784,0.036041784,0.028774407,0.028774407,0.078484738,0.078484738,-0.001869097,-0.001869097,-0.056680822,-0.056680822,0.055414595,0.055414595,-0.006375798,-0.006375798,0.008293199,0.008293199,-0.048376607,-0.048376607,0.02685912,0.02685912,-0.043206831,-0.044281,-0.044281,-0.025086978,-0.025086978,-0.065027418,-0.009658969,-0.009658969,0.035428056,0.035428056,0.03941772,0.00586045,0.031261949,0.001469475,0.001469475,-0.066977616,-0.066977616,0.00186584,0.015199926,0.015199926,-0.019727907,-0.052501516,-0.052501516,-0.065332863,0.006339129,-0.000408145,-8.10E-05,0.000671359,0.000146343,0.000365294,0.000458951,0,0,0,0,0.000642439,0,0,-0.000245283,0,0,0,0,0,0,0,0,0.005374764,0.003475883,0,0,0,0
2016,-0.045164187,0.000629011,0.000252124,-0.003727856,0.013143665,0.013143665,0.001235883,-0.261400763,-0.261400763,0.071949868,-0.040774804,-0.267517225,0.20791518,-0.037915113,-0.037915113,0.110831927,-0.114400962,-0.161727698,-0.206736171,0.003397138,-0.005591536,-0.005591536,0.024212293,0.024212293,-0.011864196,-0.011864196,0.158217861,0.158217861,-0.147175773,-0.147175773,-0.14392966,0.137391667,-0.016471541,-0.016471541,0.052509003,0.052509003,0.054056467,0.054056467,0.019364337,-0.004538117,-0.004538117,0.001548432,0.001548432,0.049862309,0.139662329,0.139662329,0.01335719,0.01335719,-0.035521916,-0.035521916,-0.022375489,-0.035837454,-0.035837454,-0.024787006,-0.024787006,0.099856425,0.099856425,-0.231686253,-0.122994604,-0.122994604,0.010615234,0.010615234,0.033876506,0.033876506,-0.181018852,-0.181018852,0.057512421,-0.069097873,-0.069097873,-0.03793024,-0.03793024,-0.01228339,0.032566672,-0.101703467,-0.101703467,-0.067651252,-0.067651252,-0.051464889,0.021430239,0.021430239,-0.079087649,-0.079087649,-0.005363757,0.021669754,0.021669754,0.001289564,0.001289564,-0.014271417,-0.014271417,-0.035959292,-0.035959292,-0.145324417,-0.145324417,0.057966047,0.057966047,0.098299667,0.0040413,0.0040413,0.091612085,0.091612085,0.02038426,0.02038426,0.058719677,0.054503594,0.051550224,0.051550224,-0.031677554,-0.019541092,-0.019541092,0.012398372,0.012398372,-0.016047899,-0.016047899,-0.013079589,-0.013079589,-0.018205197,-0.018205197,0.029008377,0.029008377,0.052789071,-0.041983112,0.034996616,0.034996616,-0.125478761,-0.125478761,-0.059158225,-0.059158225,-0.0166763,-0.046379311,-0.046379311,-0.033003129,-0.033003129,-0.008233812,-0.008233812,0.026070731,0.026070731,0.018329073,0.018329073,0.00901934,0.00901934,0.06663489,0.06663489,-0.076647807,-0.037141488,0.000713628,0.000713628,0.017381557,-0.014044568,-0.014044568,-0.012183537,-0.012183537,-0.018759907,-0.018759907,0.023134806,0.023134806,-0.044392238,-0.044392238,0.052975655,0.025246133,0.025246133,0.069531835,0.042109385,0.042109385,0.001984445,0.001984445,-0.002625195,0.036421295,0.036421295,-0.017719079,-0.017719079,-0.057868853,-0.057868853,-0.048973742,-0.048973742,-0.012164027,-0.023144139,-0.028974831,-0.000210567,-2.32E-05,0.000780605,0.000236567,0.000299538,0.000569901,0,0,0,0,0.000449771,0,0,-0.000186228,0,0,0,0,0,0,0,0,0.004032995,0.004341119,0,0,0,0
2017,0.043025142,0.000673186,-0.00012251,-0.000269319,0.012577162,0.012577162,0.001609695,-0.272353504,-0.272353504,-0.040076635,0.121510134,-0.256234715,0.2056269,-0.141062383,0.134827675,-0.029630736,-0.029630736,0.068866404,0.169329162,-0.004830765,0.009949379,-0.021971567,-0.021971567,-0.010363853,-0.010363853,-0.000844821,-0.000844821,0.013120744,0.013120744,-0.202546686,-0.202546686,-0.01785651,-0.01785651,-0.089402382,-0.089402382,-0.185251996,-0.185251996,-0.045410773,-0.07310388,-0.004191719,-0.004191719,0.053468426,0.020158955,-0.00419406,-0.02294511,0.178707976,0.178707976,-0.12048574,-0.12048574,0.005171365,0.005171365,-0.012745635,-0.012745635,-0.016940248,-0.107769833,-0.107769833,-0.030518567,-0.030518567,0.148338013,0.049531165,0.049531165,-0.04662085,-0.04662085,-0.053128297,-0.053128297,0.067720974,0.067720974,-0.126216585,-0.126216585,0.032360889,0.032360889,0.021931461,-0.006029749,-0.00374485,-0.00374485,-0.084862463,-0.084862463,0.059838194,0.059838194,-0.016865394,-0.03839526,0.004806169,0.004806169,-0.112543694,-0.112543694,0.057249239,0.057249239,-0.047111369,-0.047111369,-0.043534228,-0.043534228,0.112534522,0.112534522,-0.087585593,-0.00189148,-0.00189148,-0.077355478,0.108042362,0.052127356,0.052127356,-0.082447001,-0.082447001,0.016356729,0.016356729,0.091486978,0.091486978,0.085114353,0.034436391,0.034436391,0.029350171,0.025474822,0.025474822,0.020139689,0.020139689,-0.030229826,-0.030229826,-0.006151192,-0.006151192,-0.0471645,-0.0471645,-0.003836785,-0.003836785,0.001234888,0.001234888,-0.076335372,-0.076335372,-0.023918037,-0.023918037,-0.055910768,0.019472681,0.019472681,-0.01519237,-0.01519237,0.045022685,0.045022685,0.067361791,0.012200705,0.012200705,0.068123412,0.068123412,-0.014257931,-0.014257931,0.066856077,0.066856077,0.003096723,0.003096723,0.001936395,0.021354048,0.021354048,0.018636457,0.018636457,-0.017186575,-0.017186575,0.027145329,0.027145329,-0.030158185,-0.030158185,-0.014050515,-0.014050515,-0.024459662,-0.024459662,-0.019272628,-0.019272628,0.021130516,0.017847778,0.02522154,0.02522154,-0.008365617,-0.008365617,0.026458376,0.029647515,-0.043179555,0.033238265,0.033238265,0.020097793,0.03142416,0.03142416,-0.000173899,-5.75E-05,0.000665606,0.000342028,0.00013698,0.000645909,0,0,0,0,0.000384098,0,0,-0.000172723,0,0,0,0,0,0,0,0,0.00465725,0.003704403,0,0,0,0
2018,-0.041828153,0.000660125,0.000150803,-0.000927759,-0.01258001,-0.01258001,-0.09413607,-0.002986142,-0.265772637,-0.265772637,-0.022744099,0.000365502,0.253751353,-0.125615157,0.001690362,0.001690362,0.122682657,0.081337555,-0.240322319,-0.007764421,0.006732582,0.006732582,0.023683539,0.023683539,-0.005465683,0.086038987,0.086038987,0.009798656,0.009798656,-0.025757435,-0.019950655,-0.205929189,-0.205929189,0.223346713,0.223346713,0.023166173,-0.017615561,-0.041501341,-0.008453964,-0.020977348,-0.020977348,-0.084704911,-0.084704911,-0.123906535,-0.123906535,0.03165691,-0.001918951,-0.001918951,-0.112503998,-0.112503998,0.119285973,0.119285973,-0.071333502,-0.071333502,-0.236842414,-0.004203724,-0.004203724,0.000549541,0.000549541,-0.011014151,-0.011014151,0.019962697,0.001606279,0.011949814,0.011949814,0.028601641,0.117994575,0.117994575,-0.034422729,0.050094235,0.050094235,-0.022652285,0.047890786,0.047890786,-0.020625529,-0.037819206,0.0068186,0.0068186,0.021656143,0.056625611,0.056625611,0.034271236,0.034271236,-0.123388558,-0.125216725,-0.125216725,0.013565636,0.013565636,0.045543672,0.045543672,-0.05715781,-0.05715781,-0.099288206,-0.061330986,-0.014722154,-0.014722154,0.093906702,0.093906702,-0.004080432,-0.004080432,0.0223564,0.0223564,-0.062219103,0.058126015,-0.124895279,-0.124895279,-0.058563164,-0.058563164,-0.054382552,-0.054382552,0.003397462,0.003397462,0.002752772,0.014283689,-0.063467055,-0.063467055,-0.04030487,-0.04030487,-0.00130784,-0.00130784,0.060840346,0.029084681,0.040419645,0.040419645,-0.017285092,-0.017285092,-0.001530751,-0.001530751,0.063814033,0.063814033,0.030042806,0.030042806,-0.034285746,-0.034285746,-0.021124381,-0.021124381,0.008186813,0.008186813,-0.01778665,0.004254605,0.004254605,0.004824344,0.004824344,0.023598712,-0.043302406,-0.043302406,-0.021173896,-0.021173896,-0.054408701,-0.054408701,0.050449394,0.050449394,0.042730723,-0.037485003,-0.037485003,0.03049233,0.03049233,0.014503863,0.014503863,-0.136515934,-0.044304884,-0.044304884,-0.011608568,-0.011608568,0.0290999,0.0290999,0.01672402,0.01672402,-0.001298944,-0.001298944,-0.047020939,-0.047020939,0.030734901,0.030734901,0.006370024,0.027467047,-0.019231834,-0.000275073,-0.000115868,0.000563234,0.000166148,0.000175265,0.000558176,0,0,0,0,0.000284808,0,0,0.00016776,0,0,0,0,0,0,0,0,0.004202909,0.003948072,0,0,0,0
2019,-0.045304993,0.000680489,-0.000139747,-0.001188785,0.014585951,0.014585951,-0.089669329,-0.264469948,-0.264469948,-0.095356431,0.003977082,-0.237255848,-0.218124987,-0.00777784,-0.00777784,0.176591577,-0.169359648,-0.169359648,0.005045078,-0.009584226,-0.008017309,0.009553707,0.009553707,0.027189604,0.027189604,-0.087550704,-0.087550704,0.001775803,0.001775803,-0.007413463,-0.007413463,0.215541239,0.215541239,0.213493912,0.213493912,0.043368142,0.06742116,0.025576663,-0.013407354,0.012902572,0.012902572,-0.024143443,-0.024143443,-0.014225536,-0.045481236,-0.176778749,0.005461211,-0.015278307,0.222088606,0.124417936,0.124417936,-0.014043031,-0.014043031,0.01590607,-0.120914731,-0.120914731,0.079205288,0.079205288,-0.015739028,-0.015739028,0.042615216,0.042615216,0.023542904,0.023542904,-0.007279588,-0.018076367,-0.057492655,-0.057492655,0.085885109,0.019196859,-0.037360934,-0.037360934,0.033181893,0.033181893,-0.065423298,-0.065423298,-0.016578001,0.033370002,0.033370002,0.067326166,0.067326166,-0.034146994,-0.034146994,0.106066602,-0.003709189,-0.003709189,-0.04805364,-0.04805364,0.061734955,-0.090407055,-0.053466763,-0.053466763,-0.024019425,-0.024019425,0.022515086,0.022515086,-0.000295218,-0.000295218,-0.08777159,-0.08777159,0.018650534,-0.013787142,-0.013787142,-0.027705013,-0.027705013,-0.022321694,0.003003323,0.003003323,-0.018068658,-0.018068658,-0.02056558,-0.02056558,-0.042445747,-0.042445747,-0.051965574,-0.051965574,-0.046494067,-0.034171237,0.084716624,0.084716624,0.033867845,0.033867845,0.049721979,0.049721979,0.029291287,-0.045954642,-0.045954642,0.119333804,0.059754617,0.059754617,0.024909976,0.024909976,-0.053722401,-0.053722401,-0.048182733,-0.048182733,0.091464732,0.078674978,0.078674978,0.047793881,0.047793881,-0.011231826,-0.011231826,0.028802303,0.028802303,-0.034881211,-0.034881211,-0.051649421,-0.051649421,0.082109638,-0.024113116,-0.024113116,0.023280624,0.023280624,0.041444373,0.041444373,0.038446599,0.038446599,0.035657064,0.035657064,-0.06388065,-0.06388065,-0.001201843,-0.001201843,-0.012928548,-0.00852552,-0.00852552,0.002358958,0.002358958,-0.009950102,-0.009950102,0.052760074,0.039536429,0.012450303,-0.000545255,-0.000545255,0.066574106,-0.000348596,-0.000179673,0.000465749,0.000127013,0.000171987,0.000527788,0,0,0,0,0.000372657,0,0,0.000225083,0,0,0,0,0,0,0,0,0.004638109,0.004685679,0,0,0,0
